storeCode,supplierCode,animalType,animalRace,animalName,animalGender,animalAge,animalCount,createdBy,updatedBy
PS000001,,RODENT,HAMSTER,Fluffy,F,1,1,YBTKS,YBTKS
PS000002,SU000003,DOG,LABRADOR,Bob,M,4,1,YBTKS,YBTKS
PS000003,SU000008,RODENT,HAMSTER,Hammy,M,1,1,YBTKS,
PS000003,SU000008,RODENT,HAMSTER,Nibbles,F,1,1,YBTKS,
PS000003,SU000008,RODENT,GUINEAPG,Pepper,F,2,1,,
PS000003,,RODENT,MOUSE,Mouse litter,F,1,6,,
PS000004,,CAT,SIAMESE,Mia,F,1,1,YBTKS,YBTKS
PS000006,SU000006,BIRD,BUDGIE,Kiwi,M,1,1,YBTKS,YBTKS
PS000006,SU000006,BIRD,CANARY,Tweety,F,2,1,YBTKS,
PS000006,SU000006,BIRD,COCKATL,Polly,F,3,1,,
PS000008,,CAT,PERSIAN,Whiskers,F,1,1,YBTKS,YBTKS
PS000008,,CAT,MAINECN,Simba,M,1,1,YBTKS,
PS000008,,CAT,BRITSHRT,Luna,F,2,1,,
PS000009,,FISH,GOLDFISH,Goldie,M,1,3,,
PS000011,,DOG,LABRADOR,Buddy,M,1,1,YBTKS,YBTKS
PS000011,,DOG,BEAGLE,Daisy,F,1,1,YBTKS,
PS000011,,DOG,DACHSHND,Max,M,2,1,,
PS000012,,RODENT,GUINEAPG,Coco,M,1,2,,
PS000013,SU000008,RABBIT,LOP,Thumper,M,1,1,YBTKS,YBTKS
PS000013,SU000008,RABBIT,DWARF,Snowball,F,1,1,YBTKS,
PS000013,,RABBIT,LIONHEAD,Bun litter,F,1,4,,
PS000014,SU000013,FISH,GOLDFISH,Goldfish,F,1,40,YBTKS,YBTKS
PS000014,SU000013,FISH,GUPPY,Guppies,M,1,25,YBTKS,
PS000014,SU000013,FISH,NEONTETR,Neon tetras,M,1,60,,
PS000017,SU000006,BIRD,PARROT,Captain,M,12,1,YBTKS,YBTKS
PS000017,SU000006,BIRD,BUDGIE,Sky,F,1,1,YBTKS,
PS000017,,BIRD,LOVEBIRD,Romeo,M,2,1,,
PS000025,SU000013,FISH,BETTA,Bubbles,M,1,1,YBTKS,YBTKS
PS000025,SU000013,FISH,CLOWNFSH,Nemo,M,1,2,YBTKS,
PS000025,,REPTILE,GECKO,Spike,M,2,1,,
