storeCode,productCode,sellByDate,inStock,createdBy,updatedBy
PS000001,PR000001,2027-03-31,40,YBTKS,YBTKS
PS000001,PR000002,2027-06-30,60,YBTKS,YBTKS
PS000001,PR000003,2027-06-30,55,YBTKS,
PS000002,PR000002,2026-12-31,24,YBTKS,YBTKS
PS000002,PR000002,2027-06-30,48,YBTKS,YBTKS
PS000002,PR000003,2027-06-30,36,YBTKS,
PS000002,PR000017,2030-12-31,15,,
PS000002,PR000018,2030-12-31,12,,
PS000003,PR000014,2026-12-31,30,YBTKS,YBTKS
PS000003,PR000015,2027-04-30,25,YBTKS,
PS000004,PR000006,2027-05-31,80,YBTKS,YBTKS
PS000004,PR000007,2027-05-31,75,YBTKS,
PS000004,PR000019,2030-12-31,10,,
PS000004,PR000020,2030-12-31,8,,
PS000006,PR000010,2027-02-28,20,YBTKS,YBTKS
PS000006,PR000011,2027-02-28,35,YBTKS,
PS000006,PR000026,2028-01-31,18,,
PS000007,PR000008,2027-03-31,22,YBTKS,YBTKS
PS000007,PR000028,2030-12-31,9,,
PS000007,PR000029,2028-06-30,14,,
PS000008,PR000006,2027-05-31,50,YBTKS,YBTKS
PS000008,PR000007,2027-05-31,45,YBTKS,
PS000008,PR000030,2030-12-31,6,,
PS000009,PR000004,2027-01-31,12,YBTKS,YBTKS
PS000009,PR000005,2027-01-31,16,YBTKS,
PS000011,PR000017,2030-12-31,30,,
PS000011,PR000019,2030-12-31,20,,
PS000011,PR000020,2030-12-31,18,,
PS000013,PR000014,2026-12-31,40,YBTKS,YBTKS
PS000013,PR000015,2027-04-30,30,YBTKS,
PS000014,PR000012,2027-09-30,25,YBTKS,YBTKS
PS000014,PR000013,2027-09-30,25,YBTKS,
PS000014,PR000023,2026-11-30,12,,
PS000015,PR000026,2028-01-31,10,,
PS000015,PR000027,2028-01-31,10,,
PS000017,PR000010,2027-02-28,15,YBTKS,YBTKS
PS000017,PR000011,2027-02-28,20,YBTKS,
PS000019,PR000004,2027-01-31,10,,
PS000024,PR000028,2030-12-31,5,,
PS000025,PR000012,2027-09-30,30,YBTKS,YBTKS
PS000025,PR000023,2026-11-30,0,YBTKS,
