storeCode,productCode,animalType,animalRace,animalName,price,discount,fromDate,toDate,createdBy,updatedBy
PS000001,PR000001,,,,24.99,,,,YBTKS,YBTKS
PS000001,PR000002,,,,2.49,,,,YBTKS,YBTKS
PS000001,PR000003,,,,2.49,-0.50,2026-10-01,2026-10-31,YBTKS,
PS000001,,RODENT,HAMSTER,Fluffy,14.95,,,,YBTKS,YBTKS
PS000002,PR000002,,,,2.59,,,,YBTKS,YBTKS
PS000002,PR000017,,,,6.99,,,,,
PS000002,PR000018,,,,8.49,-1.50,2026-11-15,2026-12-31,,
PS000002,,DOG,LABRADOR,Bob,950.00,,,,YBTKS,YBTKS
PS000003,PR000014,,,,4.99,,,,YBTKS,YBTKS
PS000003,PR000015,,,,9.95,,,,YBTKS,
PS000003,,RODENT,HAMSTER,Hammy,12.50,,,,YBTKS,
PS000003,,RODENT,HAMSTER,Nibbles,12.50,,,,YBTKS,
PS000003,,RODENT,GUINEAPG,Pepper,29.95,-5.00,2026-10-01,2026-10-15,,
PS000003,,RODENT,MOUSE,Mouse litter,4.50,,,,,
PS000004,PR000006,,,,1.89,,,,YBTKS,YBTKS
PS000004,PR000007,,,,1.89,,,,YBTKS,
PS000004,,CAT,SIAMESE,Mia,450.00,,,,YBTKS,YBTKS
PS000006,PR000010,,,,12.95,,,,YBTKS,YBTKS
PS000006,PR000011,,,,4.49,,,,YBTKS,
PS000006,,BIRD,BUDGIE,Kiwi,24.95,,,,YBTKS,YBTKS
PS000006,,BIRD,CANARY,Tweety,39.95,,,,YBTKS,
PS000006,,BIRD,COCKATL,Polly,89.00,-10.00,2026-10-01,,,
PS000008,PR000030,,,,59.95,,,,,
PS000008,,CAT,PERSIAN,Whiskers,650.00,,,,YBTKS,YBTKS
PS000008,,CAT,MAINECN,Simba,850.00,,,,YBTKS,
PS000011,PR000019,,,,14.99,,,,,
PS000011,PR000020,,,,19.99,-4.00,2026-10-01,2026-11-30,,
PS000011,,DOG,LABRADOR,Buddy,1100.00,,,,YBTKS,YBTKS
PS000011,,DOG,BEAGLE,Daisy,900.00,,,,YBTKS,
PS000013,,RABBIT,LOP,Thumper,45.00,,,,YBTKS,YBTKS
PS000013,,RABBIT,DWARF,Snowball,39.00,,,,YBTKS,
PS000014,PR000012,,,,5.95,,,,YBTKS,YBTKS
PS000014,PR000023,,,,7.49,-2.00,2026-11-01,2026-11-30,,
PS000014,,FISH,GOLDFISH,Goldfish,2.95,,,,YBTKS,YBTKS
PS000014,,FISH,NEONTETR,Neon tetras,1.49,,,,,
PS000017,,BIRD,PARROT,Captain,1250.00,,,,YBTKS,YBTKS
PS000025,,FISH,BETTA,Bubbles,9.95,,,,YBTKS,YBTKS
PS000025,PR000023,,,,,-1.00,2026-10-01,2026-12-31,YBTKS,
