productCode,productStatus,productName,groupCode,supplierCode,createdBy,updatedBy
PR000001,ACTIVE,Deadbeef Dog Food,PEDFCN01,SU000001,YBTKS,YBTKS
PR000002,ACTIVE,Canned Dog Food Beef 400g,PEDFCN01,SU000002,YBTKS,YBTKS
PR000003,ACTIVE,Canned Dog Food Chicken 400g,PEDFCN01,SU000002,YBTKS,
PR000004,ACTIVE,Dry Dog Food Adult 12kg,PEDFDR01,SU000018,,
PR000005,ACTIVE,Dry Dog Food Puppy 3kg,PEDFDR01,SU000018,YBTKS,YBTKS
PR000006,ACTIVE,Canned Cat Food Salmon 200g,PECFCN01,SU000004,YBTKS,YBTKS
PR000007,ACTIVE,Canned Cat Food Tuna 200g,PECFCN01,SU000004,YBTKS,
PR000008,ACTIVE,Dry Cat Food Indoor 2kg,PECFDR01,SU000015,YBTKS,YBTKS
PR000009,INACTIVE,Dry Cat Food Senior 2kg,PECFDR01,SU000015,,
PR000010,ACTIVE,Wild Bird Seed Mix 5kg,PEBFSD01,SU000006,YBTKS,YBTKS
PR000011,ACTIVE,Parakeet Seed 1kg,PEBFSD01,SU000006,YBTKS,YBTKS
PR000012,ACTIVE,Tropical Fish Flakes 100g,PEFFFL01,SU000013,YBTKS,
PR000013,ACTIVE,Goldfish Pellets 250g,PEFFFL01,SU000013,YBTKS,YBTKS
PR000014,ACTIVE,Meadow Hay 1kg,PERDHY01,SU000012,,
PR000015,ACTIVE,Rabbit & Guinea Pig Nuggets 2kg,PERDFD01,SU000008,YBTKS,YBTKS
PR000016,ACTIVE,Hamster Wood Shavings 20l,PERDBD01,SU000010,YBTKS,YBTKS
PR000017,ACTIVE,Squeaky Rubber Bone,PEACTY01,SU000011,YBTKS,
PR000018,ACTIVE,Cat Teaser Wand,PEACTY01,SU000011,YBTKS,YBTKS
PR000019,ACTIVE,Nylon Dog Leash 1.5m,PEACLS01,SU000014,,
PR000020,ACTIVE,Leather Dog Collar Medium,PEACLS01,SU000014,YBTKS,YBTKS
PR000021,ACTIVE,Aquarium Filter 60l,PEAQEQ01,SU000005,YBTKS,YBTKS
PR000022,ACTIVE,Aquarium Heater 100W,PEAQEQ01,SU000005,YBTKS,
PR000023,ACTIVE,Java Fern Aquarium Plant,PEAQPL01,SU000020,YBTKS,YBTKS
PR000024,ACTIVE,Terrarium UVB Lamp 25W,PETREQ01,SU000007,,
PR000025,INACTIVE,Terrarium Heat Mat Small,PETREQ01,SU000016,YBTKS,YBTKS
PR000026,ACTIVE,Flea & Tick Spot-On Dog,PEHCPH01,SU000009,YBTKS,YBTKS
PR000027,ACTIVE,Deworming Tablets Cat,PEHCPH01,SU000009,YBTKS,
PR000028,ACTIVE,Slicker Brush,PEHCGR01,SU000017,YBTKS,YBTKS
PR000029,ACTIVE,Dog Shampoo Oatmeal 500ml,PEHCGR01,SU000017,,
PR000030,ACTIVE,Cat Scratching Post 90cm,PEACFN01,SU000019,YBTKS,YBTKS
