tableID,tableKey,tableValue,createdBy,updatedBy
STORSTAT,ACTIVE,Store is active,YBTKS,YBTKS
STORSTAT,INACTIVE,Store is closed,YBTKS,YBTKS
SUPPSTAT,ACTIVE,Supplier is active,YBTKS,YBTKS
SUPPSTAT,INACTIVE,Supplier is no longer used,YBTKS,YBTKS
PRODSTAT,ACTIVE,Product is for sale,YBTKS,YBTKS
PRODSTAT,INACTIVE,Product is no longer sold,YBTKS,YBTKS
PRODGRCD,PEDFCN01,Dog food - canned,YBTKS,YBTKS
PRODGRCD,PEDFDR01,Dog food - dry,YBTKS,YBTKS
PRODGRCD,PECFCN01,Cat food - canned,YBTKS,YBTKS
PRODGRCD,PECFDR01,Cat food - dry,YBTKS,YBTKS
PRODGRCD,PEBFSD01,Bird food - seed,YBTKS,YBTKS
PRODGRCD,PEFFFL01,Fish food - flakes and pellets,YBTKS,YBTKS
PRODGRCD,PERDHY01,Rodent supplies - hay,YBTKS,YBTKS
PRODGRCD,PERDFD01,Rodent supplies - food,YBTKS,YBTKS
PRODGRCD,PERDBD01,Rodent supplies - bedding,YBTKS,YBTKS
PRODGRCD,PEACTY01,Accessories - toys,YBTKS,YBTKS
PRODGRCD,PEACLS01,Accessories - leashes and collars,YBTKS,YBTKS
PRODGRCD,PEACFN01,Accessories - furniture,YBTKS,YBTKS
PRODGRCD,PEAQEQ01,Aquarium - equipment,YBTKS,YBTKS
PRODGRCD,PEAQPL01,Aquarium - plants,YBTKS,YBTKS
PRODGRCD,PETREQ01,Terrarium - equipment,YBTKS,YBTKS
PRODGRCD,PEHCPH01,Health care - pharmacy,YBTKS,YBTKS
PRODGRCD,PEHCGR01,Health care - grooming,YBTKS,YBTKS
ANMLTYPE,DOG,Dog,YBTKS,YBTKS
ANMLTYPE,CAT,Cat,YBTKS,YBTKS
ANMLTYPE,BIRD,Bird,YBTKS,YBTKS
ANMLTYPE,FISH,Fish,YBTKS,YBTKS
ANMLTYPE,RODENT,Rodent,YBTKS,YBTKS
ANMLTYPE,RABBIT,Rabbit,YBTKS,YBTKS
ANMLTYPE,REPTILE,Reptile,YBTKS,YBTKS
ANMLRACE,LABRADOR,Labrador retriever,YBTKS,YBTKS
ANMLRACE,BEAGLE,Beagle,YBTKS,YBTKS
ANMLRACE,DACHSHND,Dachshund,YBTKS,YBTKS
ANMLRACE,PERSIAN,Persian,YBTKS,YBTKS
ANMLRACE,SIAMESE,Siamese,YBTKS,YBTKS
ANMLRACE,MAINECN,Maine coon,YBTKS,YBTKS
ANMLRACE,BRITSHRT,British shorthair,YBTKS,YBTKS
ANMLRACE,BUDGIE,Budgerigar,YBTKS,YBTKS
ANMLRACE,CANARY,Canary,YBTKS,YBTKS
ANMLRACE,COCKATL,Cockatiel,YBTKS,YBTKS
ANMLRACE,PARROT,Parrot,YBTKS,YBTKS
ANMLRACE,LOVEBIRD,Lovebird,YBTKS,YBTKS
ANMLRACE,GOLDFISH,Goldfish,YBTKS,YBTKS
ANMLRACE,GUPPY,Guppy,YBTKS,YBTKS
ANMLRACE,NEONTETR,Neon tetra,YBTKS,YBTKS
ANMLRACE,BETTA,Betta (Siamese fighting fish),YBTKS,YBTKS
ANMLRACE,CLOWNFSH,Clownfish,YBTKS,YBTKS
ANMLRACE,HAMSTER,Hamster,YBTKS,YBTKS
ANMLRACE,GUINEAPG,Guinea pig,YBTKS,YBTKS
ANMLRACE,MOUSE,Mouse,YBTKS,YBTKS
ANMLRACE,LOP,Lop rabbit,YBTKS,YBTKS
ANMLRACE,DWARF,Dwarf rabbit,YBTKS,YBTKS
ANMLRACE,LIONHEAD,Lionhead rabbit,YBTKS,YBTKS
ANMLRACE,GECKO,Leopard gecko,YBTKS,YBTKS
