storeCode,supplierCode,fromDate,toDate,createdBy,updatedBy
PS000001,SU000001,,,YBTKS,YBTKS
PS000001,SU000002,2025-01-01,,YBTKS,YBTKS
PS000002,SU000002,2025-01-01,,YBTKS,YBTKS
PS000002,SU000003,2025-03-01,,YBTKS,
PS000002,SU000011,2025-06-01,2026-12-31,YBTKS,
PS000003,SU000008,,,YBTKS,
PS000003,SU000012,2025-02-15,,YBTKS,
PS000004,SU000004,2025-01-01,,,
PS000004,SU000014,2025-01-01,,,
PS000005,SU000005,2024-01-01,2025-12-31,,
PS000005,SU000013,2024-01-01,2025-12-31,,
PS000006,SU000006,2025-04-01,,,
PS000006,SU000009,2025-04-01,,,
PS000007,SU000015,,,,
PS000007,SU000017,,,,
PS000008,SU000004,2025-05-01,,,
PS000008,SU000019,2025-05-01,,,
PS000009,SU000003,,,,
PS000009,SU000018,2026-01-01,,,
PS000010,SU000007,2024-06-01,2025-06-30,,
PS000010,SU000016,2024-06-01,2025-06-30,,
PS000011,SU000011,,,,
PS000011,SU000014,,,,
PS000012,SU000015,2025-09-01,,,
PS000013,SU000008,,,,
PS000013,SU000012,,,,
PS000014,SU000013,2025-01-01,,,
PS000014,SU000020,2025-01-01,,,
PS000015,SU000009,,,,
PS000015,SU000017,,,,
PS000016,SU000002,2024-01-01,2025-03-31,,
PS000017,SU000006,2025-07-01,,,
PS000018,SU000003,,,,
PS000018,SU000015,,,,
PS000019,SU000004,,,,
PS000019,SU000018,,,,
PS000020,SU000001,2025-10-01,,,
PS000021,SU000019,,,,
PS000022,SU000007,2024-03-01,2025-09-30,,
PS000023,SU000018,2026-02-01,,,
PS000024,SU000014,,,,
PS000024,SU000017,2025-11-01,2026-10-31,,
PS000025,SU000013,,,,
PS000025,SU000020,,,,
