supplierCode,supplierStatus,supplierName,createdBy,updatedBy
SU000001,ACTIVE,Pet food supplier 1,YBTKS,YBTKS
SU000002,ACTIVE,Deadbeef Dog Food B.V.,YBTKS,YBTKS
SU000003,ACTIVE,Happy Paws Wholesale,YBTKS,
SU000004,ACTIVE,Dutch Cat Nutrition,,
SU000005,INACTIVE,Aqua Supplies Europe,YBTKS,YBTKS
SU000006,ACTIVE,Birdseed & Co,YBTKS,YBTKS
SU000007,ACTIVE,Reptile Heat & Light,YBTKS,
SU000008,ACTIVE,Knaagdier Groothandel Nederland,YBTKS,YBTKS
SU000009,ACTIVE,Petcare Pharma Benelux,,
SU000010,INACTIVE,Old Mill Pet Bedding,YBTKS,YBTKS
SU000011,ACTIVE,Fetch! Toys International,YBTKS,YBTKS
SU000012,ACTIVE,Holland Hay & Straw,YBTKS,
SU000013,ACTIVE,Tropical Fish Importers,YBTKS,YBTKS
SU000014,ACTIVE,Collar & Leash Factory,,
SU000015,ACTIVE,Nature's Best Pet Food,YBTKS,YBTKS
SU000016,INACTIVE,Terrarium Technics,YBTKS,YBTKS
SU000017,ACTIVE,Groomers' Choice Supplies,YBTKS,
SU000018,ACTIVE,Veluwe Premium Kibble,YBTKS,YBTKS
SU000019,ACTIVE,Cat Tree Carpentry,,
SU000020,ACTIVE,Aquarium Plants Direct,YBTKS,YBTKS
